pic_path,label
static/images/1.jpg,a
static/images/2.jpg,b
static/images/3.jpg,c
static/images/4.jpg,d
static/images/5.jpg,e
static/images/6.jpg,f
static/images/7.jpg,g
static/images/8.jpg,h
static/images/9.jpg,i
static/images/10.jpg,j
static/images/11.jpg,k
static/images/12.jpg,l
static/images/13.jpg,m
static/images/14.jpg,n
static/images/15.jpg,o
static/images/16.jpg,p
static/images/17.jpg,q
static/images/18.jpg,r
static/images/19.jpg,s
static/images/20.jpg,t
static/images/21.jpg,u
static/images/22.jpg,v
static/images/23.jpg,w
static/images/24.jpg,x
static/images/25.jpg,y
static/images/26.jpg,z
static/images/27.jpg,a
static/images/28.jpg,b
static/images/29.jpg,c
static/images/30.jpg,d
static/images/31.jpg,e
static/images/32.jpg,f
static/images/33.jpg,g
static/images/34.jpg,h
static/images/35.jpg,i
static/images/36.jpg,j
static/images/37.jpg,k
static/images/38.jpg,l
static/images/39.jpg,m
static/images/40.jpg,n
static/images/41.jpg,o
static/images/42.jpg,p
static/images/43.jpg,q
static/images/44.jpg,r
static/images/45.jpg,s
static/images/46.jpg,t
static/images/47.jpg,u
static/images/48.jpg,v
static/images/49.jpg,w
static/images/50.jpg,x
static/images/51.jpg,y
static/images/52.jpg,z
static/images/53.jpg,a
static/images/54.jpg,b
static/images/55.jpg,c
static/images/56.jpg,d
static/images/57.jpg,e
static/images/58.jpg,f
static/images/59.jpg,g
static/images/60.jpg,h
static/images/61.jpg,i
static/images/62.jpg,j
static/images/63.jpg,k
static/images/64.jpg,l
static/images/65.jpg,m
static/images/66.jpg,n
static/images/67.jpg,o
static/images/68.jpg,p
static/images/69.jpg,q
static/images/70.jpg,r
static/images/71.jpg,s
static/images/72.jpg,t
static/images/73.jpg,u
static/images/74.jpg,v
static/images/75.jpg,w
static/images/76.jpg,x
static/images/77.jpg,y
static/images/78.jpg,z
static/images/79.jpg,a
static/images/80.jpg,b
static/images/81.jpg,c
static/images/82.jpg,d
static/images/83.jpg,e
static/images/84.jpg,f
static/images/85.jpg,g
static/images/86.jpg,h
static/images/87.jpg,i
static/images/88.jpg,j
static/images/89.jpg,k
static/images/90.jpg,l
static/images/91.jpg,m
static/images/92.jpg,n
static/images/93.jpg,o
static/images/94.jpg,p
static/images/95.jpg,q
static/images/96.jpg,r
static/images/97.jpg,s
static/images/98.jpg,t
static/images/99.jpg,u
static/images/100.jpg,v
static/images/101.jpg,w
static/images/102.jpg,x
static/images/103.jpg,y
static/images/104.jpg,z
static/images/105.jpg,a
static/images/106.jpg,b
static/images/107.jpg,c
static/images/108.jpg,d
static/images/109.jpg,e
static/images/110.jpg,f
static/images/111.jpg,g
static/images/112.jpg,h
static/images/113.jpg,i
static/images/114.jpg,j
static/images/115.jpg,k
static/images/116.jpg,l
static/images/117.jpg,m
static/images/118.jpg,n
static/images/119.jpg,o
static/images/120.jpg,p
static/images/121.jpg,q
static/images/122.jpg,r
static/images/123.jpg,s
static/images/124.jpg,t
static/images/125.jpg,u
static/images/126.jpg,v
static/images/127.jpg,w
static/images/128.jpg,x
static/images/129.jpg,y
static/images/130.jpg,z
static/images/131.jpg,a
static/images/132.jpg,b
static/images/133.jpg,c
static/images/134.jpg,d
static/images/135.jpg,e
static/images/136.jpg,f
static/images/137.jpg,g
static/images/138.jpg,h
static/images/139.jpg,i
static/images/140.jpg,j
static/images/141.jpg,k
static/images/142.jpg,l
static/images/143.jpg,m
static/images/144.jpg,n
static/images/145.jpg,o
static/images/146.jpg,p
static/images/147.jpg,q
static/images/148.jpg,r
static/images/149.jpg,s
static/images/150.jpg,t
static/images/151.jpg,u
static/images/152.jpg,v
static/images/153.jpg,x
static/images/154.jpg,w
static/images/155.jpg,y
static/images/156.jpg,z
static/images/157.jpg,a
static/images/158.jpg,b
static/images/159.jpg,c
static/images/160.jpg,d
static/images/161.jpg,e
static/images/162.jpg,f
static/images/163.jpg,g
static/images/164.jpg,h
static/images/165.jpg,i
static/images/166.jpg,j
static/images/167.jpg,k
static/images/168.jpg,l
static/images/169.jpg,m
static/images/170.jpg,n
static/images/171.jpg,o
static/images/172.jpg,p
static/images/173.jpg,q
static/images/174.jpg,r
static/images/175.jpg,s
static/images/176.jpg,t
static/images/177.jpg,u
static/images/178.jpg,v
static/images/179.jpg,w
static/images/180.jpg,x
static/images/181.jpg,y
static/images/182.jpg,z
static/images/183.jpg,a
static/images/184.jpg,b
static/images/185.jpg,c
static/images/186.jpg,d
static/images/187.jpg,e
static/images/188.jpg,f
static/images/189.jpg,g
static/images/190.jpg,h
static/images/191.jpg,i
static/images/192.jpg,j
static/images/193.jpg,k
static/images/194.jpg,l
static/images/195.jpg,m
static/images/196.jpg,n
static/images/197.jpg,o
static/images/198.jpg,p
static/images/199.jpg,q
static/images/200.jpg,r
static/images/201.jpg,s
static/images/202.jpg,t
static/images/203.jpg,u
static/images/204.jpg,v
static/images/205.jpg,w
static/images/206.jpg,x
static/images/207.jpg,y
static/images/208.jpg,z
static/images/209.jpg,a
static/images/210.jpg,b
static/images/211.jpg,c
static/images/212.jpg,d
static/images/213.jpg,e
static/images/214.jpg,f
static/images/215.jpg,g
static/images/216.jpg,h
static/images/217.jpg,i
static/images/218.jpg,j
static/images/219.jpg,k
static/images/220.jpg,l
static/images/221.jpg,m
static/images/222.jpg,n
static/images/223.jpg,o
static/images/224.jpg,p
static/images/225.jpg,q
static/images/226.jpg,r
static/images/227.jpg,s
static/images/228.jpg,t
static/images/229.jpg,u
static/images/230.jpg,v
static/images/231.jpg,w
static/images/232.jpg,x
static/images/233.jpg,y
static/images/234.jpg,z
static/images/235.jpg,a
static/images/236.jpg,b
static/images/237.jpg,c
static/images/238.jpg,d
static/images/239.jpg,e
static/images/240.jpg,f
static/images/241.jpg,g
static/images/242.jpg,h
static/images/243.jpg,i
static/images/244.jpg,j
static/images/245.jpg,k
static/images/246.jpg,l
static/images/247.jpg,m
static/images/248.jpg,n
static/images/249.jpg,o
static/images/250.jpg,p
static/images/251.jpg,q
static/images/252.jpg,r
static/images/253.jpg,s
static/images/254.jpg,t
static/images/255.jpg,u
static/images/256.jpg,v
static/images/257.jpg,w
static/images/258.jpg,x
static/images/259.jpg,y
static/images/260.jpg,z
static/images/261.jpg,a
static/images/262.jpg,b
static/images/263.jpg,c
static/images/264.jpg,d
static/images/265.jpg,e
static/images/266.jpg,f
static/images/267.jpg,g
static/images/268.jpg,h
static/images/269.jpg,i
static/images/270.jpg,j
static/images/271.jpg,k
static/images/272.jpg,l
static/images/273.jpg,m
static/images/274.jpg,n
static/images/275.jpg,o
static/images/276.jpg,p
static/images/277.jpg,q
static/images/278.jpg,r
static/images/279.jpg,s
static/images/280.jpg,t
static/images/281.jpg,u
static/images/282.jpg,v
static/images/283.jpg,w
static/images/284.jpg,x
static/images/285.jpg,y
static/images/286.jpg,z
static/images/287.jpg,a
static/images/288.jpg,b
static/images/289.jpg,c
static/images/290.jpg,d
static/images/291.jpg,e
static/images/292.jpg,f
static/images/293.jpg,g
static/images/294.jpg,h
static/images/295.jpg,i
static/images/296.jpg,j
static/images/297.jpg,k
static/images/298.jpg,l
static/images/299.jpg,m
static/images/300.jpg,n
static/images/301.jpg,o
static/images/302.jpg,p
static/images/303.jpg,q
static/images/304.jpg,r
static/images/305.jpg,s
static/images/306.jpg,t
static/images/307.jpg,u
static/images/308.jpg,v
static/images/309.jpg,w
static/images/310.jpg,x
static/images/311.jpg,y
static/images/312.jpg,z
static/images/313.jpg,a
static/images/314.jpg,b
static/images/315.jpg,c
static/images/316.jpg,d
static/images/317.jpg,e
static/images/318.jpg,f
static/images/319.jpg,g
static/images/320.jpg,h
static/images/321.jpg,i
static/images/322.jpg,j
static/images/323.jpg,k
static/images/324.jpg,m
static/images/325.jpg,n
static/images/326.jpg,o
static/images/327.jpg,p
static/images/328.jpg,q
static/images/329.jpg,r
static/images/330.jpg,s
static/images/331.jpg,t
static/images/332.jpg,u
static/images/333.jpg,v
static/images/334.jpg,w
static/images/335.jpg,x
static/images/336.jpg,y
static/images/337.jpg,z
